id;fecha;nota;imagen;imagen_content_type
1;2021-02-19;invoice;../fake-data/blob/hipster.png;image/png
2;2021-02-19;synthesizing Tactics;../fake-data/blob/hipster.png;image/png
3;2021-02-19;Buckinghamshire backing up Saint Helena Pound;../fake-data/blob/hipster.png;image/png
4;2021-02-19;New Mexico workforce bus;../fake-data/blob/hipster.png;image/png
5;2021-02-19;connecting Trinidad and Tobago Dollar;../fake-data/blob/hipster.png;image/png
6;2021-02-19;generate;../fake-data/blob/hipster.png;image/png
7;2021-02-19;Seychelles Rupee;../fake-data/blob/hipster.png;image/png
8;2021-02-19;Sports deposit distributed;../fake-data/blob/hipster.png;image/png
9;2021-02-19;mission-critical service-desk;../fake-data/blob/hipster.png;image/png
10;2021-02-19;Product;../fake-data/blob/hipster.png;image/png
